{"nodes":{"node:1":{"location":{"x":46,"y":-54}}},"selection":null,"view":{"scroll":{"x":-197.704330444335938,"y":-253.004592895507812},"zoom":1}}