{"nodes":{"node:0":{"location":{"x":0,"y":0}}},"selection":null,"view":{"scroll":{"x":-109.845169067382812,"y":-123.958030700683594},"zoom":2.4999997615814209}}